project_name,version,license,pypi_url,github_url,snyk_url,type
aiobotocore,v2.5.0,License: Apache-2.0,https://www.pypi.org/project/aiobotocore,https://github.com/aio-libs/aiobotocore,https://snyk.io/advisor/python/aiobotocore,key-ecosystem-project
aiofiles,v23.1.0,License: Apache-2.0,https://www.pypi.org/project/aiofiles,https://github.com/Tinche/aiofiles,https://snyk.io/advisor/python/aiofiles,key-ecosystem-project
aiohttp,v3.8.4,License: Apache-2.0,https://www.pypi.org/project/aiohttp,https://github.com/aio-libs/aiohttp,https://snyk.io/advisor/python/aiohttp,key-ecosystem-project
alabaster,v0.7.13,License: BSD-2-Clause,https://www.pypi.org/project/alabaster,https://github.com/sphinx-doc/alabaster,https://snyk.io/advisor/python/alabaster,key-ecosystem-project
alembic,v1.10.3,License: MIT,https://www.pypi.org/project/alembic,https://github.com/sqlalchemy/alembic,https://snyk.io/advisor/python/alembic,key-ecosystem-project
altair,v4.2.2,License: BSD-3-Clause,https://www.pypi.org/project/altair,https://github.com/altair-viz/altair,https://snyk.io/advisor/python/altair,key-ecosystem-project
ansible,v7.4.0,License: GPL-3.0,https://www.pypi.org/project/ansible,https://github.com/ansible/ansible,https://snyk.io/advisor/python/ansible,key-ecosystem-project
anyio,v3.6.2,License: MIT,https://www.pypi.org/project/anyio,https://github.com/agronholm/anyio,https://snyk.io/advisor/python/anyio,key-ecosystem-project
apache-airflow,v2.5.3,License: Apache-2.0,https://www.pypi.org/project/apache-airflow,https://github.com/apache/airflow,https://snyk.io/advisor/python/apache-airflow,key-ecosystem-project
apache-airflow-providers-common-sql,v1.4.0,License: Apache-2.0,https://www.pypi.org/project/apache-airflow-providers-common-sql,https://github.com/apache/airflow,https://snyk.io/advisor/python/apache-airflow-providers-common-sql,key-ecosystem-project
apache-airflow-providers-http,v4.3.0,License: Apache-2.0,https://www.pypi.org/project/apache-airflow-providers-http,https://github.com/apache/airflow,https://snyk.io/advisor/python/apache-airflow-providers-http,key-ecosystem-project
apispec,v6.3.0,License: MIT,https://www.pypi.org/project/apispec,https://github.com/marshmallow-code/apispec,https://snyk.io/advisor/python/apispec,key-ecosystem-project
appdirs,v1.4.4,License: MIT,https://www.pypi.org/project/appdirs,https://github.com/ActiveState/appdirs,https://snyk.io/advisor/python/appdirs,key-ecosystem-project
argcomplete,v3.0.8,License: Apache-2.0,https://www.pypi.org/project/argcomplete,https://github.com/kislyuk/argcomplete,https://snyk.io/advisor/python/argcomplete,key-ecosystem-project
arrow,v1.2.3,License: Apache-2.0,https://www.pypi.org/project/arrow,https://github.com/arrow-py/arrow,https://snyk.io/advisor/python/arrow,key-ecosystem-project
asgiref,v3.6.0,License: BSD-3-Clause,https://www.pypi.org/project/asgiref,https://github.com/django/asgiref,https://snyk.io/advisor/python/asgiref,key-ecosystem-project
astor,v0.8.1,License: BSD-3-Clause,https://www.pypi.org/project/astor,https://github.com/berkerpeksag/astor,https://snyk.io/advisor/python/astor,key-ecosystem-project
attrs,v23.1.0,License: MIT,https://www.pypi.org/project/attrs,https://github.com/python-attrs/attrs,https://snyk.io/advisor/python/attrs,key-ecosystem-project
Authlib,v1.2.0,License: BSD-3-Clause,https://www.pypi.org/project/Authlib,https://github.com/lepture/authlib,https://snyk.io/advisor/python/authlib,key-ecosystem-project
avro,v1.11.1,License: Apache-2.0,https://www.pypi.org/project/avro,https://github.com/apache/avro,https://snyk.io/advisor/python/avro,key-ecosystem-project
avro-python3,v1.10.2,License: Apache-2.0,https://www.pypi.org/project/avro-python3,https://github.com/apache/avro,https://snyk.io/advisor/python/avro-python3,key-ecosystem-project
awscli,v1.27.118,License: Apache-2.0,https://www.pypi.org/project/awscli,https://github.com/aws/aws-cli,https://snyk.io/advisor/python/awscli,key-ecosystem-project
aws-sam-translator,v1.65.0,License: Apache-2.0,https://www.pypi.org/project/aws-sam-translator,https://github.com/aws/serverless-application-model,https://snyk.io/advisor/python/aws-sam-translator,key-ecosystem-project
awswrangler,v3.0.0,License: Apache-2.0,https://www.pypi.org/project/awswrangler,https://github.com/aws/aws-sdk-pandas,https://snyk.io/advisor/python/awswrangler,key-ecosystem-project
azure-cli-core,v2.47.0,License: MIT,https://www.pypi.org/project/azure-cli-core,https://github.com/Azure/azure-cli,https://snyk.io/advisor/python/azure-cli-core,key-ecosystem-project
azure-common,v1.1.28,License: MIT,https://www.pypi.org/project/azure-common,https://github.com/Azure/azure-sdk-for-python,https://snyk.io/advisor/python/azure-common,key-ecosystem-project
azure-core,v1.26.4,License: MIT,https://www.pypi.org/project/azure-core,https://github.com/Azure/azure-sdk-for-python,https://snyk.io/advisor/python/azure-core,key-ecosystem-project
azure-cosmos,v4.3.1,License: MIT,https://www.pypi.org/project/azure-cosmos,https://github.com/Azure/azure-sdk-for-python,https://snyk.io/advisor/python/azure-cosmos,key-ecosystem-project
azure-data-tables,v12.4.2,License: MIT,https://www.pypi.org/project/azure-data-tables,https://github.com/Azure/azure-sdk-for-python,https://snyk.io/advisor/python/azure-data-tables,key-ecosystem-project
azure-eventhub,v5.11.2,License: MIT,https://www.pypi.org/project/azure-eventhub,https://github.com/Azure/azure-sdk-for-python,https://snyk.io/advisor/python/azure-eventhub,key-ecosystem-project
azure-graphrbac,v0.61.1,License: MIT,https://www.pypi.org/project/azure-graphrbac,https://github.com/Azure/azure-sdk-for-python,https://snyk.io/advisor/python/azure-graphrbac,key-ecosystem-project
azure-identity,v1.12.0,License: MIT,https://www.pypi.org/project/azure-identity,https://github.com/Azure/azure-sdk-for-python,https://snyk.io/advisor/python/azure-identity,key-ecosystem-project
azure-keyvault,v4.2.0,License: MIT,https://www.pypi.org/project/azure-keyvault,https://github.com/Azure/azure-sdk-for-python,https://snyk.io/advisor/python/azure-keyvault,key-ecosystem-project
azure-keyvault-keys,v4.8.0,License: MIT,https://www.pypi.org/project/azure-keyvault-keys,https://github.com/Azure/azure-sdk-for-python,https://snyk.io/advisor/python/azure-keyvault-keys,key-ecosystem-project
azure-keyvault-secrets,v4.7.0,License: MIT,https://www.pypi.org/project/azure-keyvault-secrets,https://github.com/Azure/azure-sdk-for-python,https://snyk.io/advisor/python/azure-keyvault-secrets,key-ecosystem-project
azure-mgmt-authorization,v3.0.0,License: MIT,https://www.pypi.org/project/azure-mgmt-authorization,https://github.com/Azure/azure-sdk-for-python,https://snyk.io/advisor/python/azure-mgmt-authorization,key-ecosystem-project
azure-mgmt-compute,v29.1.0,License: MIT,https://www.pypi.org/project/azure-mgmt-compute,https://github.com/Azure/azure-sdk-for-python,https://snyk.io/advisor/python/azure-mgmt-compute,key-ecosystem-project
azure-mgmt-containerregistry,v10.1.0,License: MIT,https://www.pypi.org/project/azure-mgmt-containerregistry,https://github.com/Azure/azure-sdk-for-python,https://snyk.io/advisor/python/azure-mgmt-containerregistry,key-ecosystem-project
azure-mgmt-core,v1.4.0,License: MIT,https://www.pypi.org/project/azure-mgmt-core,https://github.com/Azure/azure-sdk-for-python,https://snyk.io/advisor/python/azure-mgmt-core,key-ecosystem-project
azure-mgmt-datalake-nspkg,v3.0.1,License: MIT,https://www.pypi.org/project/azure-mgmt-datalake-nspkg,https://github.com/Azure/azure-sdk-for-python,https://snyk.io/advisor/python/azure-mgmt-datalake-nspkg,key-ecosystem-project
azure-mgmt-keyvault,v10.2.1,License: MIT,https://www.pypi.org/project/azure-mgmt-keyvault,https://github.com/Azure/azure-sdk-for-python,https://snyk.io/advisor/python/azure-mgmt-keyvault,key-ecosystem-project
azure-mgmt-nspkg,v3.0.2,License: MIT,https://www.pypi.org/project/azure-mgmt-nspkg,https://github.com/Azure/azure-sdk-for-python,https://snyk.io/advisor/python/azure-mgmt-nspkg,key-ecosystem-project
azure-mgmt-resource,v23.0.0,License: MIT,https://www.pypi.org/project/azure-mgmt-resource,https://github.com/Azure/azure-sdk-for-python,https://snyk.io/advisor/python/azure-mgmt-resource,key-ecosystem-project
azure-mgmt-storage,v21.0.0,License: MIT,https://www.pypi.org/project/azure-mgmt-storage,https://github.com/Azure/azure-sdk-for-python,https://snyk.io/advisor/python/azure-mgmt-storage,key-ecosystem-project
azure-nspkg,v3.0.2,License: MIT,https://www.pypi.org/project/azure-nspkg,https://github.com/Azure/azure-sdk-for-python,https://snyk.io/advisor/python/azure-nspkg,key-ecosystem-project
azure-storage-blob,v12.16.0,License: MIT,https://www.pypi.org/project/azure-storage-blob,https://github.com/Azure/azure-sdk-for-python,https://snyk.io/advisor/python/azure-storage-blob,key-ecosystem-project
azure-storage-file-datalake,v12.11.0,License: MIT,https://www.pypi.org/project/azure-storage-file-datalake,https://github.com/Azure/azure-sdk-for-python,https://snyk.io/advisor/python/azure-storage-file-datalake,key-ecosystem-project
azure-storage-queue,v12.6.0,License: MIT,https://www.pypi.org/project/azure-storage-queue,https://github.com/Azure/azure-sdk-for-python,https://snyk.io/advisor/python/azure-storage-queue,key-ecosystem-project
Babel,v2.12.1,License: BSD-3-Clause,https://www.pypi.org/project/Babel,https://github.com/python-babel/babel,https://snyk.io/advisor/python/babel,key-ecosystem-project
backoff,v2.2.1,License: MIT,https://www.pypi.org/project/backoff,https://github.com/litl/backoff,https://snyk.io/advisor/python/backoff,key-ecosystem-project
bcrypt,v4.0.1,License: Apache-2.0,https://www.pypi.org/project/bcrypt,https://github.com/pyca/bcrypt,https://snyk.io/advisor/python/bcrypt,key-ecosystem-project
black,v23.3.0,License: MIT,https://www.pypi.org/project/black,https://github.com/psf/black,https://snyk.io/advisor/python/black,key-ecosystem-project
bleach,v6.0.0,License: Apache-2.0,https://www.pypi.org/project/bleach,https://github.com/mozilla/bleach,https://snyk.io/advisor/python/bleach,key-ecosystem-project
blinker,v1.6.2,License: MIT,https://www.pypi.org/project/blinker,https://github.com/pallets-eco/blinker,https://snyk.io/advisor/python/blinker,key-ecosystem-project
boto,v2.49.0,License: MIT,https://www.pypi.org/project/boto,https://github.com/boto/boto,https://snyk.io/advisor/python/boto,key-ecosystem-project
boto3,v1.26.118,License: Apache-2.0,https://www.pypi.org/project/boto3,https://github.com/boto/boto3,https://snyk.io/advisor/python/boto3,key-ecosystem-project
botocore,v1.29.118,License: Apache-2.0,https://www.pypi.org/project/botocore,https://github.com/boto/botocore,https://snyk.io/advisor/python/botocore,key-ecosystem-project
Brotli,v1.0.9,License: MIT,https://www.pypi.org/project/Brotli,https://github.com/google/brotli,https://snyk.io/advisor/python/brotli,key-ecosystem-project
cached-property,v1.5.2,License: BSD-3-Clause,https://www.pypi.org/project/cached-property,https://github.com/pydanny/cached-property,https://snyk.io/advisor/python/cached-property,key-ecosystem-project
cachetools,v5.3.0,License: MIT,https://www.pypi.org/project/cachetools,https://github.com/tkem/cachetools,https://snyk.io/advisor/python/cachetools,key-ecosystem-project
cattrs,v22.2.0,License: MIT,https://www.pypi.org/project/cattrs,https://github.com/python-attrs/cattrs,https://snyk.io/advisor/python/cattrs,key-ecosystem-project
celery,v5.2.7,License: BSD-2-Clause,https://www.pypi.org/project/celery,https://github.com/celery/celery,https://snyk.io/advisor/python/celery,key-ecosystem-project
Cerberus,v1.3.4,License: ISC,https://www.pypi.org/project/Cerberus,https://github.com/pyeve/cerberus,https://snyk.io/advisor/python/cerberus,key-ecosystem-project
certifi,v2022.12.7,License: MPL-2.0,https://www.pypi.org/project/certifi,https://github.com/certifi/python-certifi,https://snyk.io/advisor/python/certifi,key-ecosystem-project
cfn-lint,v0.77.2,License: MIT-0,https://www.pypi.org/project/cfn-lint,https://github.com/aws-cloudformation/cfn-lint,https://snyk.io/advisor/python/cfn-lint,key-ecosystem-project
chardet,v5.1.0,License: LGPL-2.1,https://www.pypi.org/project/chardet,https://github.com/chardet/chardet,https://snyk.io/advisor/python/chardet,key-ecosystem-project
checkov,v2.3.194,License: Apache-2.0,https://www.pypi.org/project/checkov,https://github.com/bridgecrewio/checkov,https://snyk.io/advisor/python/checkov,key-ecosystem-project
cleo,v2.0.1,License: MIT,https://www.pypi.org/project/cleo,https://github.com/python-poetry/cleo,https://snyk.io/advisor/python/cleo,key-ecosystem-project
click,v8.1.3,License: BSD-3-Clause,https://www.pypi.org/project/click,https://github.com/pallets/click,https://snyk.io/advisor/python/click,key-ecosystem-project
cloudpickle,v2.2.1,License: BSD-3-Clause,https://www.pypi.org/project/cloudpickle,https://github.com/cloudpipe/cloudpickle,https://snyk.io/advisor/python/cloudpickle,key-ecosystem-project
colorama,v0.4.6,License: BSD-3-Clause,https://www.pypi.org/project/colorama,https://github.com/tartley/colorama,https://snyk.io/advisor/python/colorama,key-ecosystem-project
coloredlogs,v15.0.1,License: MIT,https://www.pypi.org/project/coloredlogs,https://github.com/xolox/python-coloredlogs,https://snyk.io/advisor/python/coloredlogs,key-ecosystem-project
colorlog,v6.7.0,License: MIT,https://www.pypi.org/project/colorlog,https://github.com/borntyping/python-colorlog,https://snyk.io/advisor/python/colorlog,key-ecosystem-project
confluent-kafka,v2.1.0,License: Apache-2.0,https://www.pypi.org/project/confluent-kafka,https://github.com/confluentinc/confluent-kafka-python,https://snyk.io/advisor/python/confluent-kafka,key-ecosystem-project
connexion,v2.14.2,License: Apache-2.0,https://www.pypi.org/project/connexion,https://github.com/spec-first/connexion,https://snyk.io/advisor/python/connexion,key-ecosystem-project
coverage,v7.2.3,License: Apache-2.0,https://www.pypi.org/project/coverage,https://github.com/nedbat/coveragepy,https://snyk.io/advisor/python/coverage,key-ecosystem-project
cryptography,v40.0.2,License: Python-2.0,https://www.pypi.org/project/cryptography,https://github.com/pyca/cryptography,https://snyk.io/advisor/python/cryptography,key-ecosystem-project
Cython,v0.29.34,License: Apache-2.0,https://www.pypi.org/project/Cython,https://github.com/cython/cython,https://snyk.io/advisor/python/cython,key-ecosystem-project
dask,v2023.4.0,License: BSD-3-Clause,https://www.pypi.org/project/dask,https://github.com/dask/dask,https://snyk.io/advisor/python/dask,key-ecosystem-project
dataclasses,v0.8,License: Apache-2.0,https://www.pypi.org/project/dataclasses,https://github.com/ericvsmith/dataclasses,https://snyk.io/advisor/python/dataclasses,key-ecosystem-project
dataclasses-json,v0.5.7,License: MIT,https://www.pypi.org/project/dataclasses-json,https://github.com/lidatong/dataclasses-json,https://snyk.io/advisor/python/dataclasses-json,key-ecosystem-project
datadog,v0.45.0,License: BSD-3-Clause,https://www.pypi.org/project/datadog,https://github.com/DataDog/datadogpy,https://snyk.io/advisor/python/datadog,key-ecosystem-project
dateparser,v1.1.8,License: BSD-3-Clause,https://www.pypi.org/project/dateparser,https://github.com/scrapinghub/dateparser,https://snyk.io/advisor/python/dateparser,key-ecosystem-project
debugpy,v1.6.7,License: MIT,https://www.pypi.org/project/debugpy,https://github.com/microsoft/debugpy,https://snyk.io/advisor/python/debugpy,key-ecosystem-project
decorator,v5.1.1,License: BSD-2-Clause,https://www.pypi.org/project/decorator,https://github.com/micheles/decorator,https://snyk.io/advisor/python/decorator,key-ecosystem-project
deepdiff,v6.3.0,License: MIT,https://www.pypi.org/project/deepdiff,https://github.com/seperman/deepdiff,https://snyk.io/advisor/python/deepdiff,key-ecosystem-project
delta-spark,v2.3.0,License: Apache-2.0,https://www.pypi.org/project/delta-spark,https://github.com/delta-io/delta,https://snyk.io/advisor/python/delta-spark,key-ecosystem-project
dill,v0.3.6,License: BSD-3-Clause,https://www.pypi.org/project/dill,https://github.com/uqfoundation/dill,https://snyk.io/advisor/python/dill,key-ecosystem-project
discord,v2.2.2,License: MIT,https://www.pypi.org/project/discord,https://github.com/Rapptz/discord.py,https://snyk.io/advisor/python/discord,key-ecosystem-project
discord.py,v2.2.2,License: MIT,https://www.pypi.org/project/discord.py,https://github.com/Rapptz/discord.py,https://snyk.io/advisor/python/discord-py,key-ecosystem-project
distributed,v2023.4.0,License: BSD-3-Clause,https://www.pypi.org/project/distributed,https://github.com/dask/distributed,https://snyk.io/advisor/python/distributed,key-ecosystem-project
Django,v4.2,License: BSD-3-Clause,https://www.pypi.org/project/Django,https://github.com/django/django,https://snyk.io/advisor/python/django,key-ecosystem-project
djangorestframework,v3.14.0,License: BSD-2-Clause,https://www.pypi.org/project/djangorestframework,https://github.com/encode/django-rest-framework,https://snyk.io/advisor/python/djangorestframework,key-ecosystem-project
dnspython,v2.3.0,License: ISC,https://www.pypi.org/project/dnspython,https://github.com/rthalley/dnspython,https://snyk.io/advisor/python/dnspython,key-ecosystem-project
docker,v6.0.1,License: Apache-2.0,https://www.pypi.org/project/docker,https://github.com/docker/docker-py,https://snyk.io/advisor/python/docker,key-ecosystem-project
docopt,v0.6.2,License: MIT,https://www.pypi.org/project/docopt,https://github.com/docopt/docopt,https://snyk.io/advisor/python/docopt,key-ecosystem-project
dpath,v2.1.5,License: MIT,https://www.pypi.org/project/dpath,https://github.com/dpath-maintainers/dpath-python,https://snyk.io/advisor/python/dpath,key-ecosystem-project
dulwich,v0.21.3,License: Apache-2.0,https://www.pypi.org/project/dulwich,https://github.com/jelmer/dulwich,https://snyk.io/advisor/python/dulwich,key-ecosystem-project
ecdsa,v0.18.0,License: MIT,https://www.pypi.org/project/ecdsa,https://github.com/tlsfuzzer/python-ecdsa,https://snyk.io/advisor/python/ecdsa,key-ecosystem-project
elasticsearch,v8.7.0,License: Apache-2.0,https://www.pypi.org/project/elasticsearch,https://github.com/elastic/elasticsearch-py,https://snyk.io/advisor/python/elasticsearch,key-ecosystem-project
email-validator,v2.0.0.post2,License: CC0-1.0,https://www.pypi.org/project/email-validator,https://github.com/JoshData/python-email-validator,https://snyk.io/advisor/python/email-validator,key-ecosystem-project
Faker,v18.4.0,License: MIT,https://www.pypi.org/project/Faker,https://github.com/joke2k/faker,https://snyk.io/advisor/python/faker,key-ecosystem-project
fastapi,v0.95.1,License: MIT,https://www.pypi.org/project/fastapi,https://github.com/tiangolo/fastapi,https://snyk.io/advisor/python/fastapi,key-ecosystem-project
fastavro,v1.7.3,License: MIT,https://www.pypi.org/project/fastavro,https://github.com/fastavro/fastavro,https://snyk.io/advisor/python/fastavro,key-ecosystem-project
filelock,v3.12.0,License: Unlicense,https://www.pypi.org/project/filelock,https://github.com/tox-dev/py-filelock,https://snyk.io/advisor/python/filelock,key-ecosystem-project
Fiona,v1.9.3,License: BSD-3-Clause,https://www.pypi.org/project/Fiona,https://github.com/Toblerity/Fiona,https://snyk.io/advisor/python/fiona,key-ecosystem-project
fire,v0.5.0,License: Apache-2.0,https://www.pypi.org/project/fire,https://github.com/google/python-fire,https://snyk.io/advisor/python/fire,key-ecosystem-project
flake8,v6.0.0,License: MIT,https://www.pypi.org/project/flake8,https://github.com/PyCQA/flake8,https://snyk.io/advisor/python/flake8,key-ecosystem-project
Flask,v2.2.3,License: BSD-3-Clause,https://www.pypi.org/project/Flask,https://github.com/pallets/flask,https://snyk.io/advisor/python/flask,key-ecosystem-project
Flask-AppBuilder,v4.3.1,License: BSD-3-Clause,https://www.pypi.org/project/Flask-AppBuilder,https://github.com/dpgaspar/Flask-AppBuilder,https://snyk.io/advisor/python/flask-appbuilder,key-ecosystem-project
Flask-Cors,v3.0.10,License: MIT,https://www.pypi.org/project/Flask-Cors,https://github.com/corydolphin/flask-cors,https://snyk.io/advisor/python/flask-cors,key-ecosystem-project
Flask-JWT-Extended,v4.4.4,License: MIT,https://www.pypi.org/project/Flask-JWT-Extended,https://github.com/vimalloc/flask-jwt-extended,https://snyk.io/advisor/python/flask-jwt-extended,key-ecosystem-project
Flask-Login,v0.6.2,License: MIT,https://www.pypi.org/project/Flask-Login,https://github.com/maxcountryman/flask-login,https://snyk.io/advisor/python/flask-login,key-ecosystem-project
Flask-SQLAlchemy,v3.0.3,License: BSD-3-Clause,https://www.pypi.org/project/Flask-SQLAlchemy,https://github.com/pallets-eco/flask-sqlalchemy,https://snyk.io/advisor/python/flask-sqlalchemy,key-ecosystem-project
Flask-WTF,v1.1.1,License: BSD-3-Clause,https://www.pypi.org/project/Flask-WTF,https://github.com/wtforms/flask-wtf,https://snyk.io/advisor/python/flask-wtf,key-ecosystem-project
flatbuffers,v23.3.3,License: Apache-2.0,https://www.pypi.org/project/flatbuffers,https://github.com/google/flatbuffers,https://snyk.io/advisor/python/flatbuffers,key-ecosystem-project
fonttools,v4.39.3,License: MIT,https://www.pypi.org/project/fonttools,https://github.com/fonttools/fonttools,https://snyk.io/advisor/python/fonttools,key-ecosystem-project
freezegun,v1.2.2,License: Apache-2.0,https://www.pypi.org/project/freezegun,https://github.com/spulec/freezegun,https://snyk.io/advisor/python/freezegun,key-ecosystem-project
fsspec,v2023.4.0,License: BSD-3-Clause,https://www.pypi.org/project/fsspec,https://github.com/fsspec/filesystem_spec,https://snyk.io/advisor/python/fsspec,key-ecosystem-project
future,v0.18.3,License: MIT,https://www.pypi.org/project/future,https://github.com/PythonCharmers/python-future,https://snyk.io/advisor/python/future,key-ecosystem-project
fuzzywuzzy,v0.18.0,License: GPL-2.0,https://www.pypi.org/project/fuzzywuzzy,https://github.com/seatgeek/fuzzywuzzy,https://snyk.io/advisor/python/fuzzywuzzy,key-ecosystem-project
gevent,v22.10.2,License: MIT,https://www.pypi.org/project/gevent,https://github.com/gevent/gevent,https://snyk.io/advisor/python/gevent,key-ecosystem-project
GitPython,v3.1.31,License: BSD-3-Clause,https://www.pypi.org/project/GitPython,https://github.com/gitpython-developers/GitPython,https://snyk.io/advisor/python/gitpython,key-ecosystem-project
google-api-python-client,v2.86.0,License: Apache-2.0,https://www.pypi.org/project/google-api-python-client,https://github.com/googleapis/google-api-python-client,https://snyk.io/advisor/python/google-api-python-client,key-ecosystem-project
google-auth,v2.17.3,License: Apache-2.0,https://www.pypi.org/project/google-auth,https://github.com/googleapis/google-auth-library-python,https://snyk.io/advisor/python/google-auth,key-ecosystem-project
google-cloud-bigquery,v3.10.0,License: Apache-2.0,https://www.pypi.org/project/google-cloud-bigquery,https://github.com/googleapis/python-bigquery,https://snyk.io/advisor/python/google-cloud-bigquery,key-ecosystem-project
graphframes,v0.6,License: Apache-2.0,https://www.pypi.org/project/graphframes,https://github.com/graphframes/graphframes,https://snyk.io/advisor/python/graphframes,key-ecosystem-project
graphviz,v0.20.1,License: MIT,https://www.pypi.org/project/graphviz,https://github.com/xflr6/graphviz,https://snyk.io/advisor/python/graphviz,key-ecosystem-project
great-expectations,v0.16.8,License: Apache-2.0,https://www.pypi.org/project/great-expectations,https://github.com/great-expectations/great_expectations,https://snyk.io/advisor/python/great-expectations,key-ecosystem-project
greenlet,v2.0.2,License: MIT,https://www.pypi.org/project/greenlet,https://github.com/python-greenlet/greenlet,https://snyk.io/advisor/python/greenlet,key-ecosystem-project
grpcio,v1.54.0,License: Apache-2.0,https://www.pypi.org/project/grpcio,https://github.com/grpc/grpc,https://snyk.io/advisor/python/grpcio,key-ecosystem-project
grpcio-tools,v1.54.0,License: Apache-2.0,https://www.pypi.org/project/grpcio-tools,https://github.com/grpc/grpc,https://snyk.io/advisor/python/grpcio-tools,key-ecosystem-project
gspread,v5.8.0,License: MIT,https://www.pypi.org/project/gspread,https://github.com/burnash/gspread,https://snyk.io/advisor/python/gspread,key-ecosystem-project
gunicorn,v20.1.0,License: MIT,https://www.pypi.org/project/gunicorn,https://github.com/benoitc/gunicorn,https://snyk.io/advisor/python/gunicorn,key-ecosystem-project
h2,v4.1.0,License: MIT,https://www.pypi.org/project/h2,https://github.com/python-hyper/h2,https://snyk.io/advisor/python/h2,key-ecosystem-project
h5py,v3.8.0,License: BSD-3-Clause,https://www.pypi.org/project/h5py,https://github.com/h5py/h5py,https://snyk.io/advisor/python/h5py,key-ecosystem-project
holidays,v0.23,License: MIT,https://www.pypi.org/project/holidays,https://github.com/dr-prodigy/python-holidays,https://snyk.io/advisor/python/holidays,key-ecosystem-project
html5lib,v1.1,License: MIT,https://www.pypi.org/project/html5lib,https://github.com/html5lib/html5lib-python,https://snyk.io/advisor/python/html5lib,key-ecosystem-project
httptools,v0.5.0,License: MIT,https://www.pypi.org/project/httptools,https://github.com/MagicStack/httptools,https://snyk.io/advisor/python/httptools,key-ecosystem-project
httpx,v0.24.0,License: BSD-3-Clause,https://www.pypi.org/project/httpx,https://github.com/encode/httpx,https://snyk.io/advisor/python/httpx,key-ecosystem-project
huggingface-hub,v0.13.4,License: Apache-2.0,https://www.pypi.org/project/huggingface-hub,https://github.com/huggingface/huggingface_hub,https://snyk.io/advisor/python/huggingface-hub,key-ecosystem-project
hvac,v1.1.0,License: Apache-2.0,https://www.pypi.org/project/hvac,https://github.com/hvac/hvac,https://snyk.io/advisor/python/hvac,key-ecosystem-project
hypothesis,v6.72.1,License: MPL-2.0,https://www.pypi.org/project/hypothesis,https://github.com/HypothesisWorks/hypothesis,https://snyk.io/advisor/python/hypothesis,key-ecosystem-project
ijson,v3.2.0.post0,License: BSD-2-Clause,https://www.pypi.org/project/ijson,https://github.com/ICRAR/ijson,https://snyk.io/advisor/python/ijson,key-ecosystem-project
imageio,v2.27.0,License: BSD-2-Clause,https://www.pypi.org/project/imageio,https://github.com/imageio/imageio,https://snyk.io/advisor/python/imageio,key-ecosystem-project
invoke,v2.0.0,License: BSD-2-Clause,https://www.pypi.org/project/invoke,https://github.com/pyinvoke/invoke,https://snyk.io/advisor/python/invoke,key-ecosystem-project
ipykernel,v6.22.0,License: BSD-3-Clause,https://www.pypi.org/project/ipykernel,https://github.com/ipython/ipykernel,https://snyk.io/advisor/python/ipykernel,key-ecosystem-project
ipython,v8.12.0,License: BSD-3-Clause,https://www.pypi.org/project/ipython,https://github.com/ipython/ipython,https://snyk.io/advisor/python/ipython,key-ecosystem-project
ipywidgets,v8.0.6,License: BSD-3-Clause,https://www.pypi.org/project/ipywidgets,https://github.com/jupyter-widgets/ipywidgets,https://snyk.io/advisor/python/ipywidgets,key-ecosystem-project
isort,v5.12.0,License: MIT,https://www.pypi.org/project/isort,https://github.com/PyCQA/isort,https://snyk.io/advisor/python/isort,key-ecosystem-project
itsdangerous,v2.1.2,License: BSD-3-Clause,https://www.pypi.org/project/itsdangerous,https://github.com/pallets/itsdangerous,https://snyk.io/advisor/python/itsdangerous,key-ecosystem-project
jedi,v0.18.2,License: MIT,https://www.pypi.org/project/jedi,https://github.com/davidhalter/jedi,https://snyk.io/advisor/python/jedi,key-ecosystem-project
Jinja2,v3.1.2,License: BSD-3-Clause,https://www.pypi.org/project/Jinja2,https://github.com/pallets/jinja,https://snyk.io/advisor/python/jinja2,key-ecosystem-project
jira,v3.5.0,License: BSD-2-Clause,https://www.pypi.org/project/jira,https://github.com/pycontribs/jira,https://snyk.io/advisor/python/jira,key-ecosystem-project
jmespath,v1.0.1,License: MIT,https://www.pypi.org/project/jmespath,https://github.com/jmespath/jmespath.py,https://snyk.io/advisor/python/jmespath,key-ecosystem-project
joblib,v1.2.0,License: BSD-3-Clause,https://www.pypi.org/project/joblib,https://github.com/joblib/joblib,https://snyk.io/advisor/python/joblib,key-ecosystem-project
jsonpickle,v3.0.1,License: BSD-3-Clause,https://www.pypi.org/project/jsonpickle,https://github.com/jsonpickle/jsonpickle,https://snyk.io/advisor/python/jsonpickle,key-ecosystem-project
jsonschema,v4.17.3,License: MIT,https://www.pypi.org/project/jsonschema,https://github.com/python-jsonschema/jsonschema,https://snyk.io/advisor/python/jsonschema,key-ecosystem-project
jupyterlab-widgets,v3.0.7,License: BSD-3-Clause,https://www.pypi.org/project/jupyterlab-widgets,https://github.com/jupyter-widgets/ipywidgets,https://snyk.io/advisor/python/jupyterlab-widgets,key-ecosystem-project
kafka-python,v2.0.2,License: Apache-2.0,https://www.pypi.org/project/kafka-python,https://github.com/dpkp/kafka-python,https://snyk.io/advisor/python/kafka-python,key-ecosystem-project
keras,v2.12.0,License: Apache-2.0,https://www.pypi.org/project/keras,https://github.com/keras-team/keras,https://snyk.io/advisor/python/keras,key-ecosystem-project
Keras-Applications,v1.0.8,License: MIT,https://www.pypi.org/project/Keras-Applications,https://github.com/keras-team/keras-applications,https://snyk.io/advisor/python/keras-applications,key-ecosystem-project
Keras-Preprocessing,v1.1.2,License: MIT,https://www.pypi.org/project/Keras-Preprocessing,https://github.com/keras-team/keras-preprocessing,https://snyk.io/advisor/python/keras-preprocessing,key-ecosystem-project
keyring,v23.13.1,License: MIT,https://www.pypi.org/project/keyring,https://github.com/jaraco/keyring,https://snyk.io/advisor/python/keyring,key-ecosystem-project
kiwisolver,v1.4.4,License: BSD-3-Clause,https://www.pypi.org/project/kiwisolver,https://github.com/nucleic/kiwi,https://snyk.io/advisor/python/kiwisolver,key-ecosystem-project
kubernetes,v26.1.0,License: Apache-2.0,https://www.pypi.org/project/kubernetes,https://github.com/kubernetes-client/python,https://snyk.io/advisor/python/kubernetes,key-ecosystem-project
libcst,v0.4.9,License: MIT,https://www.pypi.org/project/libcst,https://github.com/Instagram/LibCST,https://snyk.io/advisor/python/libcst,key-ecosystem-project
lightgbm,v3.3.5,License: MIT,https://www.pypi.org/project/lightgbm,https://github.com/microsoft/LightGBM,https://snyk.io/advisor/python/lightgbm,key-ecosystem-project
lit,v16.0.1,License: Apache-2.0,https://www.pypi.org/project/lit,https://github.com/llvm/llvm-project,https://snyk.io/advisor/python/lit,key-ecosystem-project
llvmlite,v0.39.1,License: BSD-2-Clause,https://www.pypi.org/project/llvmlite,https://github.com/numba/llvmlite,https://snyk.io/advisor/python/llvmlite,key-ecosystem-project
loguru,v0.7.0,License: MIT,https://www.pypi.org/project/loguru,https://github.com/Delgan/loguru,https://snyk.io/advisor/python/loguru,key-ecosystem-project
lxml,v4.9.2,License: BSD-3-Clause,https://www.pypi.org/project/lxml,https://github.com/lxml/lxml,https://snyk.io/advisor/python/lxml,key-ecosystem-project
Markdown,v3.4.3,License: BSD-2-Clause,https://www.pypi.org/project/Markdown,https://github.com/Python-Markdown/markdown,https://snyk.io/advisor/python/markdown,key-ecosystem-project
MarkupSafe,v2.1.2,License: BSD-3-Clause,https://www.pypi.org/project/MarkupSafe,https://github.com/pallets/markupsafe,https://snyk.io/advisor/python/markupsafe,key-ecosystem-project
marshmallow,v3.19.0,License: MIT,https://www.pypi.org/project/marshmallow,https://github.com/marshmallow-code/marshmallow,https://snyk.io/advisor/python/marshmallow,key-ecosystem-project
marshmallow-sqlalchemy,v0.29.0,License: MIT,https://www.pypi.org/project/marshmallow-sqlalchemy,https://github.com/marshmallow-code/marshmallow-sqlalchemy,https://snyk.io/advisor/python/marshmallow-sqlalchemy,key-ecosystem-project
matplotlib,v3.7.1,License: Python-2.0,https://www.pypi.org/project/matplotlib,https://github.com/matplotlib/matplotlib,https://snyk.io/advisor/python/matplotlib,key-ecosystem-project
mccabe,v0.7.0,License: MIT,https://www.pypi.org/project/mccabe,https://github.com/PyCQA/mccabe,https://snyk.io/advisor/python/mccabe,key-ecosystem-project
mistune,v2.0.5,License: BSD-3-Clause,https://www.pypi.org/project/mistune,https://github.com/lepture/mistune,https://snyk.io/advisor/python/mistune,key-ecosystem-project
mlflow,v2.3.0,License: Apache-2.0,https://www.pypi.org/project/mlflow,https://github.com/mlflow/mlflow,https://snyk.io/advisor/python/mlflow,key-ecosystem-project
mock,v5.0.2,License: BSD-2-Clause,https://www.pypi.org/project/mock,https://github.com/testing-cabal/mock,https://snyk.io/advisor/python/mock,key-ecosystem-project
more-itertools,v9.1.0,License: MIT,https://www.pypi.org/project/more-itertools,https://github.com/more-itertools/more-itertools,https://snyk.io/advisor/python/more-itertools,key-ecosystem-project
moto,v4.1.8,License: Apache-2.0,https://www.pypi.org/project/moto,https://github.com/getmoto/moto,https://snyk.io/advisor/python/moto,key-ecosystem-project
moviepy,v1.0.3,License: MIT,https://www.pypi.org/project/moviepy,https://github.com/Zulko/moviepy,https://snyk.io/advisor/python/moviepy,key-ecosystem-project
mpmath,v1.3.0,License: BSD-3-Clause,https://www.pypi.org/project/mpmath,https://github.com/mpmath/mpmath,https://snyk.io/advisor/python/mpmath,key-ecosystem-project
msal,v1.22.0,License: MIT,https://www.pypi.org/project/msal,https://github.com/AzureAD/microsoft-authentication-library-for-python,https://snyk.io/advisor/python/msal,key-ecosystem-project
msgpack,v1.0.5,License: Apache-2.0,https://www.pypi.org/project/msgpack,https://github.com/msgpack/msgpack-python,https://snyk.io/advisor/python/msgpack,key-ecosystem-project
mypy,v1.2.0,License: MIT,https://www.pypi.org/project/mypy,https://github.com/python/mypy,https://snyk.io/advisor/python/mypy,key-ecosystem-project
nbconvert,v7.3.1,License: BSD-3-Clause,https://www.pypi.org/project/nbconvert,https://github.com/jupyter/nbconvert,https://snyk.io/advisor/python/nbconvert,key-ecosystem-project
networkx,v3.1,License: BSD-2-Clause,https://www.pypi.org/project/networkx,https://github.com/networkx/networkx,https://snyk.io/advisor/python/networkx,key-ecosystem-project
nltk,v3.8.1,License: Apache-2.0,https://www.pypi.org/project/nltk,https://github.com/nltk/nltk,https://snyk.io/advisor/python/nltk,key-ecosystem-project
nodeenv,v1.7.0,License: BSD-2-Clause,https://www.pypi.org/project/nodeenv,https://github.com/ekalinin/nodeenv,https://snyk.io/advisor/python/nodeenv,key-ecosystem-project
nose,v1.3.7,License: LGPL-2.1,https://www.pypi.org/project/nose,https://github.com/nose-devs/nose,https://snyk.io/advisor/python/nose,key-ecosystem-project
numba,v0.56.4,License: BSD-2-Clause,https://www.pypi.org/project/numba,https://github.com/numba/numba,https://snyk.io/advisor/python/numba,key-ecosystem-project
numpy,v1.24.3,License: BSD-3-Clause,https://www.pypi.org/project/numpy,https://github.com/numpy/numpy,https://snyk.io/advisor/python/numpy,key-ecosystem-project
oauth2client,v4.1.3,License: Apache-2.0,https://www.pypi.org/project/oauth2client,https://github.com/googleapis/oauth2client,https://snyk.io/advisor/python/oauth2client,key-ecosystem-project
oauthlib,v3.2.2,License: BSD-3-Clause,https://www.pypi.org/project/oauthlib,https://github.com/oauthlib/oauthlib,https://snyk.io/advisor/python/oauthlib,key-ecosystem-project
opencensus,v0.11.2,License: Apache-2.0,https://www.pypi.org/project/opencensus,https://github.com/census-instrumentation/opencensus-python,https://snyk.io/advisor/python/opencensus,key-ecosystem-project
opencensus-context,v0.1.3,License: Apache-2.0,https://www.pypi.org/project/opencensus-context,https://github.com/census-instrumentation/opencensus-python,https://snyk.io/advisor/python/opencensus-context,key-ecosystem-project
opencensus-ext-azure,v1.1.9,License: Apache-2.0,https://www.pypi.org/project/opencensus-ext-azure,https://github.com/census-instrumentation/opencensus-python,https://snyk.io/advisor/python/opencensus-ext-azure,key-ecosystem-project
opencv-python,v4.7.0.72,License: MIT,https://www.pypi.org/project/opencv-python,https://github.com/opencv/opencv-python,https://snyk.io/advisor/python/opencv-python,key-ecosystem-project
opentelemetry-api,v1.17.0,License: Apache-2.0,https://www.pypi.org/project/opentelemetry-api,https://github.com/open-telemetry/opentelemetry-python,https://snyk.io/advisor/python/opentelemetry-api,key-ecosystem-project
opentelemetry-sdk,v1.17.0,License: Apache-2.0,https://www.pypi.org/project/opentelemetry-sdk,https://github.com/open-telemetry/opentelemetry-python,https://snyk.io/advisor/python/opentelemetry-sdk,key-ecosystem-project
opentelemetry-semantic-conventions,v0.38b0,License: Apache-2.0,https://www.pypi.org/project/opentelemetry-semantic-conventions,https://github.com/open-telemetry/opentelemetry-python,https://snyk.io/advisor/python/opentelemetry-semantic-conventions,key-ecosystem-project
opt-einsum,v3.3.0,License: MIT,https://www.pypi.org/project/opt-einsum,https://github.com/dgasmith/opt_einsum,https://snyk.io/advisor/python/opt-einsum,key-ecosystem-project
orjson,v3.8.10,License: Apache-2.0,https://www.pypi.org/project/orjson,https://github.com/ijl/orjson,https://snyk.io/advisor/python/orjson,key-ecosystem-project
pandas,v2.0.0,License: BSD-3-Clause,https://www.pypi.org/project/pandas,https://github.com/pandas-dev/pandas,https://snyk.io/advisor/python/pandas,key-ecosystem-project
parameterized,v0.9.0,License: BSD-2-Clause-FreeBSD,https://www.pypi.org/project/parameterized,https://github.com/wolever/parameterized,https://snyk.io/advisor/python/parameterized,key-ecosystem-project
paramiko,v3.1.0,License: LGPL-2.1,https://www.pypi.org/project/paramiko,https://github.com/paramiko/paramiko,https://snyk.io/advisor/python/paramiko,key-ecosystem-project
parsedatetime,v2.6,License: Apache-2.0,https://www.pypi.org/project/parsedatetime,https://github.com/bear/parsedatetime,https://snyk.io/advisor/python/parsedatetime,key-ecosystem-project
parso,v0.8.3,License: MIT,https://www.pypi.org/project/parso,https://github.com/davidhalter/parso,https://snyk.io/advisor/python/parso,key-ecosystem-project
patsy,v0.5.3,License: BSD-2-Clause,https://www.pypi.org/project/patsy,https://github.com/pydata/patsy,https://snyk.io/advisor/python/patsy,key-ecosystem-project
pendulum,v2.1.2,License: MIT,https://www.pypi.org/project/pendulum,https://github.com/sdispater/pendulum,https://snyk.io/advisor/python/pendulum,key-ecosystem-project
pexpect,v4.8.0,License: ISC,https://www.pypi.org/project/pexpect,https://github.com/pexpect/pexpect,https://snyk.io/advisor/python/pexpect,key-ecosystem-project
phonenumbers,v8.13.10,License: Apache-2.0,https://www.pypi.org/project/phonenumbers,https://github.com/daviddrysdale/python-phonenumbers,https://snyk.io/advisor/python/phonenumbers,key-ecosystem-project
Pillow,v9.5.0,License: HPND,https://www.pypi.org/project/Pillow,https://github.com/python-pillow/Pillow,https://snyk.io/advisor/python/pillow,key-ecosystem-project
pip,v23.1.1,License: MIT,https://www.pypi.org/project/pip,https://github.com/pypa/pip,https://snyk.io/advisor/python/pip,key-ecosystem-project
pipenv,v2023.4.20,License: MIT,https://www.pypi.org/project/pipenv,https://github.com/pypa/pipenv,https://snyk.io/advisor/python/pipenv,key-ecosystem-project
pip-tools,v6.13.0,License: BSD-3-Clause,https://www.pypi.org/project/pip-tools,https://github.com/jazzband/pip-tools,https://snyk.io/advisor/python/pip-tools,key-ecosystem-project
plotly,v5.14.1,License: MIT,https://www.pypi.org/project/plotly,https://github.com/plotly/plotly.py,https://snyk.io/advisor/python/plotly,key-ecosystem-project
pluggy,v1.0.0,License: MIT,https://www.pypi.org/project/pluggy,https://github.com/pytest-dev/pluggy,https://snyk.io/advisor/python/pluggy,key-ecosystem-project
ply,v3.11,License: BSD-2-Clause,https://www.pypi.org/project/ply,https://github.com/dabeaz/ply,https://snyk.io/advisor/python/ply,key-ecosystem-project
poetry,v1.4.2,License: MIT,https://www.pypi.org/project/poetry,https://github.com/python-poetry/poetry,https://snyk.io/advisor/python/poetry,key-ecosystem-project
pre-commit,v3.2.2,License: MIT,https://www.pypi.org/project/pre-commit,https://github.com/pre-commit/pre-commit,https://snyk.io/advisor/python/pre-commit,key-ecosystem-project
prettytable,v3.7.0,License: BSD-3-Clause,https://www.pypi.org/project/prettytable,https://github.com/jazzband/prettytable,https://snyk.io/advisor/python/prettytable,key-ecosystem-project
progressbar2,v4.2.0,License: BSD-3-Clause,https://www.pypi.org/project/progressbar2,https://github.com/wolph/python-progressbar,https://snyk.io/advisor/python/progressbar2,key-ecosystem-project
prometheus-client,v0.16.0,License: Apache-2.0,https://www.pypi.org/project/prometheus-client,https://github.com/prometheus/client_python,https://snyk.io/advisor/python/prometheus-client,key-ecosystem-project
prometheus-flask-exporter,v0.22.3,License: MIT,https://www.pypi.org/project/prometheus-flask-exporter,https://github.com/rycus86/prometheus_flask_exporter,https://snyk.io/advisor/python/prometheus-flask-exporter,key-ecosystem-project
prompt-toolkit,v3.0.38,License: BSD-3-Clause,https://www.pypi.org/project/prompt-toolkit,https://github.com/prompt-toolkit/python-prompt-toolkit,https://snyk.io/advisor/python/prompt-toolkit,key-ecosystem-project
protobuf,v4.22.3,License: BSD-3-Clause,https://www.pypi.org/project/protobuf,https://github.com/protocolbuffers/protobuf,https://snyk.io/advisor/python/protobuf,key-ecosystem-project
psutil,v5.9.5,License: BSD-3-Clause,https://www.pypi.org/project/psutil,https://github.com/giampaolo/psutil,https://snyk.io/advisor/python/psutil,key-ecosystem-project
psycopg2,v2.9.6,License: LGPL-3.0,https://www.pypi.org/project/psycopg2,https://github.com/psycopg/psycopg2,https://snyk.io/advisor/python/psycopg2,key-ecosystem-project
psycopg2-binary,v2.9.6,License: LGPL-3.0,https://www.pypi.org/project/psycopg2-binary,https://github.com/psycopg/psycopg2,https://snyk.io/advisor/python/psycopg2-binary,key-ecosystem-project
py4j,v0.10.9.7,License: BSD-2-Clause,https://www.pypi.org/project/py4j,https://github.com/py4j/py4j,https://snyk.io/advisor/python/py4j,key-ecosystem-project
pyarrow,v11.0.0,License: Apache-2.0,https://www.pypi.org/project/pyarrow,https://github.com/apache/arrow,https://snyk.io/advisor/python/pyarrow,key-ecosystem-project
pybind11,v2.10.4,License: BSD-2-Clause,https://www.pypi.org/project/pybind11,https://github.com/pybind/pybind11,https://snyk.io/advisor/python/pybind11,key-ecosystem-project
pycodestyle,v2.10.0,License: MIT,https://www.pypi.org/project/pycodestyle,https://github.com/PyCQA/pycodestyle,https://snyk.io/advisor/python/pycodestyle,key-ecosystem-project
pycparser,v2.21,License: BSD-2-Clause,https://www.pypi.org/project/pycparser,https://github.com/eliben/pycparser,https://snyk.io/advisor/python/pycparser,key-ecosystem-project
pycrypto,v2.6.1,License: Public-Domain,https://www.pypi.org/project/pycrypto,https://github.com/pycrypto/pycrypto,https://snyk.io/advisor/python/pycrypto,key-ecosystem-project
pycryptodome,v3.17,License: BSD-2-Clause,https://www.pypi.org/project/pycryptodome,https://github.com/Legrandin/pycryptodome,https://snyk.io/advisor/python/pycryptodome,key-ecosystem-project
pycryptodomex,v3.17,License: BSD-2-Clause,https://www.pypi.org/project/pycryptodomex,https://github.com/Legrandin/pycryptodome,https://snyk.io/advisor/python/pycryptodomex,key-ecosystem-project
pydantic,v1.10.7,License: MIT,https://www.pypi.org/project/pydantic,https://github.com/pydantic/pydantic,https://snyk.io/advisor/python/pydantic,key-ecosystem-project
pydot,v1.4.2,License: MIT,https://www.pypi.org/project/pydot,https://github.com/pydot/pydot,https://snyk.io/advisor/python/pydot,key-ecosystem-project
pydub,v0.25.1,License: MIT,https://www.pypi.org/project/pydub,https://github.com/jiaaro/pydub,https://snyk.io/advisor/python/pydub,key-ecosystem-project
pyflakes,v3.0.1,License: MIT,https://www.pypi.org/project/pyflakes,https://github.com/PyCQA/pyflakes,https://snyk.io/advisor/python/pyflakes,key-ecosystem-project
PyGithub,v1.58.1,License: LGPL-3.0,https://www.pypi.org/project/PyGithub,https://github.com/PyGithub/PyGithub,https://snyk.io/advisor/python/pygithub,key-ecosystem-project
Pygments,v2.15.1,License: BSD-2-Clause,https://www.pypi.org/project/Pygments,https://github.com/pygments/pygments,https://snyk.io/advisor/python/pygments,key-ecosystem-project
PyJWT,v2.6.0,License: MIT,https://www.pypi.org/project/PyJWT,https://github.com/jpadilla/pyjwt,https://snyk.io/advisor/python/pyjwt,key-ecosystem-project
pylint,v2.17.2,License: GPL-2.0,https://www.pypi.org/project/pylint,https://github.com/pylint-dev/pylint,https://snyk.io/advisor/python/pylint,key-ecosystem-project
pymongo,v4.3.3,License: Apache-2.0,https://www.pypi.org/project/pymongo,https://github.com/mongodb/mongo-python-driver,https://snyk.io/advisor/python/pymongo,key-ecosystem-project
pymssql,v2.2.7,License: LGPL-2.1,https://www.pypi.org/project/pymssql,https://github.com/pymssql/pymssql,https://snyk.io/advisor/python/pymssql,key-ecosystem-project
pymysql,v1.0.3,License: MIT,https://www.pypi.org/project/pymysql,https://github.com/PyMySQL/PyMySQL,https://snyk.io/advisor/python/pymysql,key-ecosystem-project
PyNaCl,v1.5.0,License: Apache-2.0,https://www.pypi.org/project/PyNaCl,https://github.com/pyca/pynacl,https://snyk.io/advisor/python/pynacl,key-ecosystem-project
pyodbc,v4.0.39,License: MIT-0,https://www.pypi.org/project/pyodbc,https://github.com/mkleehammer/pyodbc,https://snyk.io/advisor/python/pyodbc,key-ecosystem-project
pyOpenSSL,v23.1.1,License: Apache-2.0,https://www.pypi.org/project/pyOpenSSL,https://github.com/pyca/pyopenssl,https://snyk.io/advisor/python/pyopenssl,key-ecosystem-project
pyotp,v2.8.0,License: MIT,https://www.pypi.org/project/pyotp,https://github.com/pyauth/pyotp,https://snyk.io/advisor/python/pyotp,key-ecosystem-project
pyparsing,v3.0.9,License: MIT,https://www.pypi.org/project/pyparsing,https://github.com/pyparsing/pyparsing,https://snyk.io/advisor/python/pyparsing,key-ecosystem-project
PyPDF2,v3.0.1,License: BSD-2-Clause,https://www.pypi.org/project/PyPDF2,https://github.com/py-pdf/pypdf,https://snyk.io/advisor/python/pypdf2,key-ecosystem-project
pyproj,v3.5.0,License: MIT,https://www.pypi.org/project/pyproj,https://github.com/pyproj4/pyproj,https://snyk.io/advisor/python/pyproj,key-ecosystem-project
pyrsistent,v0.19.3,License: MIT,https://www.pypi.org/project/pyrsistent,https://github.com/tobgu/pyrsistent,https://snyk.io/advisor/python/pyrsistent,key-ecosystem-project
PySocks,v1.7.1,License: BSD-2-Clause,https://www.pypi.org/project/PySocks,https://github.com/Anorov/PySocks,https://snyk.io/advisor/python/pysocks,key-ecosystem-project
pyspark,v3.4.0,License: Apache-2.0,https://www.pypi.org/project/pyspark,https://github.com/apache/spark,https://snyk.io/advisor/python/pyspark,key-ecosystem-project
pytest,v7.3.1,License: MIT,https://www.pypi.org/project/pytest,https://github.com/pytest-dev/pytest,https://snyk.io/advisor/python/pytest,key-ecosystem-project
pytest-asyncio,v0.21.0,License: Apache-2.0,https://www.pypi.org/project/pytest-asyncio,https://github.com/pytest-dev/pytest-asyncio,https://snyk.io/advisor/python/pytest-asyncio,key-ecosystem-project
pytest-cov,v4.0.0,License: MIT,https://www.pypi.org/project/pytest-cov,https://github.com/pytest-dev/pytest-cov,https://snyk.io/advisor/python/pytest-cov,key-ecosystem-project
pytest-mock,v3.10.0,License: MIT,https://www.pypi.org/project/pytest-mock,https://github.com/pytest-dev/pytest-mock,https://snyk.io/advisor/python/pytest-mock,key-ecosystem-project
pytest-xdist,v3.2.1,License: MIT,https://www.pypi.org/project/pytest-xdist,https://github.com/pytest-dev/pytest-xdist,https://snyk.io/advisor/python/pytest-xdist,key-ecosystem-project
python-dateutil,v2.8.2,License: (Apache-2.0 OR BSD-2-Clause),https://www.pypi.org/project/python-dateutil,https://github.com/dateutil/dateutil,https://snyk.io/advisor/python/python-dateutil,key-ecosystem-project
python-dotenv,v1.0.0,License: BSD-3-Clause,https://www.pypi.org/project/python-dotenv,https://github.com/theskumar/python-dotenv,https://snyk.io/advisor/python/python-dotenv,key-ecosystem-project
python-jose,v3.3.0,License: MIT,https://www.pypi.org/project/python-jose,https://github.com/mpdavis/python-jose,https://snyk.io/advisor/python/python-jose,key-ecosystem-project
python-json-logger,v2.0.7,License: BSD-2-Clause,https://www.pypi.org/project/python-json-logger,https://github.com/madzak/python-json-logger,https://snyk.io/advisor/python/python-json-logger,key-ecosystem-project
python-magic,v0.4.27,License: MIT,https://www.pypi.org/project/python-magic,https://github.com/ahupp/python-magic,https://snyk.io/advisor/python/python-magic,key-ecosystem-project
python-slugify,v8.0.1,License: MIT,https://www.pypi.org/project/python-slugify,https://github.com/un33k/python-slugify,https://snyk.io/advisor/python/python-slugify,key-ecosystem-project
pytorch-lightning,v2.0.1.post0,License: Apache-2.0,https://www.pypi.org/project/pytorch-lightning,https://github.com/Lightning-AI/lightning,https://snyk.io/advisor/python/pytorch-lightning,key-ecosystem-project
PyWavelets,v1.4.1,License: MIT,https://www.pypi.org/project/PyWavelets,https://github.com/PyWavelets/pywt,https://snyk.io/advisor/python/pywavelets,key-ecosystem-project
pywin32,v306,License: Python-2.0,https://www.pypi.org/project/pywin32,https://github.com/mhammond/pywin32,https://snyk.io/advisor/python/pywin32,key-ecosystem-project
PyYAML,v6.0,License: MIT,https://www.pypi.org/project/PyYAML,https://github.com/yaml/pyyaml,https://snyk.io/advisor/python/pyyaml,key-ecosystem-project
pyzmq,v25.0.2,License: BSD-3-Clause,https://www.pypi.org/project/pyzmq,https://github.com/zeromq/pyzmq,https://snyk.io/advisor/python/pyzmq,key-ecosystem-project
QtPy,v2.3.1,License: MIT,https://www.pypi.org/project/QtPy,https://github.com/spyder-ide/qtpy,https://snyk.io/advisor/python/qtpy,key-ecosystem-project
rapidfuzz,v3.0.0,License: MIT,https://www.pypi.org/project/rapidfuzz,https://github.com/maxbachmann/RapidFuzz,https://snyk.io/advisor/python/rapidfuzz,key-ecosystem-project
ratelimit,v2.2.1,License: MIT,https://www.pypi.org/project/ratelimit,https://github.com/tomasbasham/ratelimit,https://snyk.io/advisor/python/ratelimit,key-ecosystem-project
redis,v4.5.4,License: MIT,https://www.pypi.org/project/redis,https://github.com/redis/redis-py,https://snyk.io/advisor/python/redis,key-ecosystem-project
requests,v2.28.2,License: Apache-2.0,https://www.pypi.org/project/requests,https://github.com/psf/requests,https://snyk.io/advisor/python/requests,key-ecosystem-project
requests-oauthlib,v1.3.1,License: ISC,https://www.pypi.org/project/requests-oauthlib,https://github.com/requests/requests-oauthlib,https://snyk.io/advisor/python/requests-oauthlib,key-ecosystem-project
requests-toolbelt,v0.10.1,License: Apache-2.0,https://www.pypi.org/project/requests-toolbelt,https://github.com/requests/toolbelt,https://snyk.io/advisor/python/requests-toolbelt,key-ecosystem-project
responses,v0.23.1,License: Apache-2.0,https://www.pypi.org/project/responses,https://github.com/getsentry/responses,https://snyk.io/advisor/python/responses,key-ecosystem-project
retry,v0.9.2,License: Apache-2.0,https://www.pypi.org/project/retry,https://github.com/invl/retry,https://snyk.io/advisor/python/retry,key-ecosystem-project
rich,v13.3.4,License: MIT,https://www.pypi.org/project/rich,https://github.com/Textualize/rich,https://snyk.io/advisor/python/rich,key-ecosystem-project
ruamel.yaml,v0.17.21,License: MPL-2.0,https://www.pypi.org/project/ruamel.yaml,https://github.com/indygreg/PyOxidizer,https://snyk.io/advisor/python/ruamel-yaml,key-ecosystem-project
s3fs,v2023.4.0,License: BSD-3-Clause,https://www.pypi.org/project/s3fs,https://github.com/fsspec/s3fs,https://snyk.io/advisor/python/s3fs,key-ecosystem-project
sagemaker,v2.148.0,License: Apache-2.0,https://www.pypi.org/project/sagemaker,https://github.com/aws/sagemaker-python-sdk,https://snyk.io/advisor/python/sagemaker,key-ecosystem-project
scandir,v1.10.0,License: BSD-3-Clause,https://www.pypi.org/project/scandir,https://github.com/benhoyt/scandir,https://snyk.io/advisor/python/scandir,key-ecosystem-project
schema,v0.7.5,License: MIT,https://www.pypi.org/project/schema,https://github.com/keleshev/schema,https://snyk.io/advisor/python/schema,key-ecosystem-project
scikit-image,v0.20.0,License: BSD-3-Clause,https://www.pypi.org/project/scikit-image,https://github.com/scikit-image/scikit-image,https://snyk.io/advisor/python/scikit-image,key-ecosystem-project
scikit-learn,v1.2.2,License: BSD-3-Clause,https://www.pypi.org/project/scikit-learn,https://github.com/scikit-learn/scikit-learn,https://snyk.io/advisor/python/scikit-learn,key-ecosystem-project
scipy,v1.10.1,License: BSD-3-Clause,https://www.pypi.org/project/scipy,https://github.com/scipy/scipy,https://snyk.io/advisor/python/scipy,key-ecosystem-project
seaborn,v0.12.2,License: BSD-3-Clause,https://www.pypi.org/project/seaborn,https://github.com/mwaskom/seaborn,https://snyk.io/advisor/python/seaborn,key-ecosystem-project
selenium,v4.9.0,License: Apache-2.0,https://www.pypi.org/project/selenium,https://github.com/SeleniumHQ/selenium,https://snyk.io/advisor/python/selenium,key-ecosystem-project